<?xml version="1.0" encoding="UTF-8"?>
  <SupportAssistPrebootDiagnosticLog>
    <Schema>1.0.0</Schema>
    <LogNumber>99</LogNumber>
    <LogTimeStamp>01/10/2021 13:51:22</LogTimeStamp>
    <ePSA_Data>
      <Result>Not Reported</Result>
      <ReturnCode>BOOT_HOST_OS</ReturnCode>
      <ePSAFullVersion>4400.13</ePSAFullVersion>
      <ePSAInvocationCount>3</ePSAInvocationCount>
    </ePSA_Data>
    <BIOS_Data>
      <ErrorCategory>TYPE_C</ErrorCategory>
      <ErrorMessage><![CDATA[Thunderbolt PCIe Device Enumeration Mode Has Switched To Native.]]></ErrorMessage>
      <SOS_Available>FALSE</SOS_Available>
      <TimeOutSeconds>1</TimeOutSeconds>
    </BIOS_Data>
  </SupportAssistPrebootDiagnosticLog>
